timestamp_ms,latency_ms,phase
1775214451460,38,before
1775214451460,38,before
1775214451459,39,before
1775214451463,35,before
1775214451462,45,before
1775214451459,10024,before
1775214451459,10024,before
1775214451462,10021,before
1775214451460,10023,before
1775214451463,10024,before
1775214513774,35,after
1775214513777,37,after
1775214513774,40,after
1775214513775,39,after
1775214513778,45,after
1775214513774,10022,after
1775214513775,10022,after
1775214513776,10025,after
1775214513779,10022,after
1775214513778,10024,after
1775214524035,35,after
1775214524031,39,after
1775214524033,37,after
1775214524035,37,after
1775214524032,44,after
1775214524033,10021,after
1775214524030,10025,after
1775214524033,10022,after
1775214524035,10020,after
1775214524035,10023,after
1775214534288,33,after
1775214534289,34,after
1775214534289,35,after
1775214534292,33,after
1775214534288,37,after
1775214534287,10022,after
1775214534291,10019,after
1775214534292,10018,after
1775214534290,10020,after
1775214534289,10022,after
1775214544541,37,after
1775214544539,39,after
1775214544541,38,after
1775214544542,37,after
1775214544544,36,after
1775214544539,10023,after
1775214544540,10023,after
1775214544542,10022,after
1775214544543,10021,after
1775214544544,10023,after
1775214554796,40,after
1775214554798,39,after
1775214554798,38,after
1775214554796,48,after
1775214554799,45,after
1775214554795,10022,after
1775214554796,10021,after
1775214554797,10021,after
1775214554798,10021,after
1775214554799,10023,after
1775214565053,38,after
1775214565051,40,after
1775214565055,57,after
1775214565054,58,after
1775214565053,67,after
1775214565055,10019,after
1775214565051,10023,after
1775214565052,10022,after
1775214565051,10023,after
1775214565054,10021,after
